1|Advertising
2|African and African-American Studies
3|American History
4|Anthropology
5|Applied Youth Development
6|Art History
7|Arts Administration
8|Athletic Coaching
9|Continuous Improvement
10|Creative Writing
11|Criminalistics
12|Critical Thinking and Theory
13|Entrepreneurship
14|Ethics
15|Film Studies
16|French
17|Geography
18|German
19|Gerontology
20|Hospitality Marketing
21|Human Resource Management
22|Information Systems
23|International Business
24|International Management
25|Legal Studies
26|Literary Studies
27|Management
28|Marketing Communications
29|Marketing Management
30|Mathematics
31|Music Theatre
32|Not-For-Profit Management
33|Operations Mangement
34|Outdoor Leadership
35|Photography
36|Physics
37|Public Administration
38|Religious Studies
39|Retailing
40|Speech Communication
41|Sustainability and Environmental Studies
42|Visual Communication
43|Women's and Gender Studies
44|World History
